search_query,engine,domain,URL,title,text,page_found
easyapply.co application,Bing,easyappl.ai,https://www.easyappl.ai/,Easy Apply - Simplify Your Job Search with AI,"Boost your job search with AI-powered resumes and cover letters, uniquely customized for each application.",1
easyapply.co application,Bing,easyapplys.com,https://www.easyapplys.com/?ref=Launchtory,Easy Apply,"With a comprehensive suite of tools and resources, we empower job seekers to create standout resumes, tailor compelling cover letters, prepare effectively for interviews, and preview ‚Ä¶",1
easyapply.co application,Bing,easyapply.co,https://easyapply.co/a/715763da-e0f7-4bf0-9d25-dea48f97f357,2024 Season General Employment Application - GetHired.com,The Harborside Inn is now accepting applications for the 2024 season! We accepting applications for the following roles: Bellhop; Dock Assistant; Front Desk Agent,2
easyapply.co application,Bing,mhco.easyapply.co,https://mhco.easyapply.co/,View jobs at Mennonite Home Communities of Ohio,"For more than 60 years, Mennonite Home Communities of Ohio has been the senior housing and health care provider of choice in the Bluffton area. MHCO...",2
easyapply.co application,Bing,tweedjobs.easyapply.co,https://tweedjobs.easyapply.co/,View jobs at TUMBLEWEED INC,14 May 2025¬†¬∑ Join Our Team. We are known to serve the best TEX MEX food and margaritas around. Learn how to become a part of history in joining our ‚Ä¶,2
easyapply.co application,Bing,easyapplication.co.za,https://www.easyapplication.co.za/,Online Jobs | Easyapplication | We provide entry level jobs ...,"We provide entry level jobs, Learnerships & Internships. Location: Nelspruit, Mpumalanga Ref NO: HCH-2962 Job Type: Permanent/ Full-time Closing Date: Not Specified Job Description The Role The ideal candidate will be responsible for converting showroom visitors into sales by demonstrating products, meeting sales targets, and managing order processing‚Ä¶",2
easyapply.co application,Bing,easyapply.co,https://easyapply.co/job/general-application-36,General Application at MCCOLLUM STAFFING INC - easyapply.co,"This job opening is a general application with McCollum Staffing, Inc. By completing this, you are available to have access to any of our many jobs. Please complete the application, then contact us at 704-291-3041 for a job that best suits your experience and location.",2
easyapply.co application,Bing,freightbreakersllc.easyapply.co,https://freightbreakersllc.easyapply.co/,View jobs at Freight Breakers LLC,"Blakeslee, Pennsylvania. 3rd Shift Tire Loader/Unloader Earn up to $500-$1,000 a week. Work type: Loading and Unloading tires out of trailers. Pay: Production pay average $500-$1000 a week.‚Ä¶",2
easyapply.co application,Bing,woodresources.easyapply.co,https://woodresources.easyapply.co/,"View jobs at Wood Resources, LLC","About Wood Resources, LLC. Wood Resources, LLC is a Multi-Divisional, Multi-Generational Company that began in 1953. For more than 70 years, the Wood Resources Team has continued to provide marine towing, ship mooring, dredging, ‚Ä¶",2
easyapply.co application,Bing,easyapply.co,https://easyapply.co/a/application-form/66f8452f-4dfe-4ec7-8f0d-595f2fbb1ac0,Rosedale Green Careers at Rosedale Green & Emerald Trace - easyapply.co,"Are you looking for a career where you can make a difference? Incredible Opportunity to be Part of a beacon for what Senior Care should be: Please join us if you want to work in an environment where there are 20-24 residents living together in a home, cared for by professional consistent team members. Our Household team members are supported by a dedicated Clinical ‚Ä¶",2
easyapply.co application,Bing,easyapply.co,https://easyapply.co/a/f7e85860-6243-4243-9b20-02b11e20de4e,General Application for Regent Park Rehabilitation & Healthcare,"This is a general application and is not specific to any job. When a job becomes available that matches your qualifications, your application will be moved to that job. ... Apply online at https://rprh.easyapply.co/. You will be required to fill out an online application to move forward in the selection process (we do not accept just a resume). ...",2
easyapply.co application,Bing,goodwillindustriesofsoutheasternlousisana.easyapply.co,https://goodwillindustriesofsoutheasternlousisana.easyapply.co/,View jobs at GOODWILL INDUSTRIES OF SOUTHEASTERN ‚Ä¶,"GOODWILL INDUSTRIES OF SOUTHEASTERN LOUISIANA . Goodwill Industries of Southeastern Louisiana, Inc. offers opportunities to people with disabilities and other barriers to improve their economic self-sufficiency through training, education, support services and ‚Ä¶",2
easyapply.co application,Bing,gethiredatpeninsulacoop.easyapply.co,https://gethiredatpeninsulacoop.easyapply.co/,View jobs at Peninsula Co-op,"Peninsula Co-op channels over $500,000 of our profits each year, to local charities. We are locally owned; taking pride in our roots and uphold a tradition of sharing profits with our 116,000 member-owners.",2
easyapply.co application,Bing,easyapply.co,https://easyapply.co/a/4796de75-f7c0-4b8d-922d-7cdf50369c4b,General Application at Tahltan Nation Development LP - easyapply.co,Are you looking for a work environment that's invested in your success?. A team that values one another? Prioritize safety and culture? Expanding your career and qualifications? Potential working long term or seasonal?,2
easyapply.co application,Bing,chromewebstore.google.com,https://chromewebstore.google.com/detail/easy-apply/fhoapekjhihhjgbmbdecjdaahifcgbcc,Easy Apply - Chrome Web Store,"Enter EasyApply, your personal job application assistant. Imagine being able to apply for multiple jobs without the repetition of typing out the same information for every form. That's right! Even uploading your resume is automated, making the whole process more efficient and hassle-free. üî• Key Features * Auto-fill Application Forms: No more ...",2
easyapply.co application,Bing,odessamarriott.easyapply.co,https://odessamarriott.easyapply.co/,View jobs at Odessa Marriott Hotel and Conference Center,"About Odessa Marriott Hotel and Conference Center. West Texas' newest and largest hotel and conference center. Ruggedly refined, the Odessa Marriott offers over 33,000 square feet of flexible meeting and event space and world-class accommodations built for discerning business and leisure travelers alike.",2
easyapply.co application,Bing,easyapplication.co.za,https://www.easyapplication.co.za/page/2,Online Jobs | Easyapplication | Page 2 of 7 | We provide entry level ...,"We provide entry level jobs, Learnerships & Internships. Locations: Ficksburg Labour Centre: Ref No: HR 4/4/8/926(X1 Post) Kroonstad Labour Centre: Ref No: HR 4/4/8/927(X1 Post) Harrismith Labour Centre: Ref No: HR 4/4/8/931(X1 Post) Job Type: Permanent/ Full-time SALARY: R163 680 per annum Closing Date: 30 May 2025 Job‚Ä¶",3
easyapply.co application,Bing,easyapplication.co.za,https://www.easyapplication.co.za/?paged=2,Online Jobs | Easyapplication | Page 2 of 7 | We provide ‚Ä¶,"We provide entry level jobs, Learnerships & Internships. Location: South Africa Job Type: Permanent/ Full-time Minimum Experience: Entry Level Closing ‚Ä¶",3
easyapply.co application,Bing,easyapply.co,https://easyapply.co/a/14f713b4-9f30-449f-8576-b74675538a37,Marketing Summer 2024 Internship - GetHired.com,"https://selfstorageplusmanagmentllc.easyapply.co. About Self Storage Plus. Self-Storage Plus is a growing, locally owned and operated self-storage company with a rewarding and fun culture. We strive to differentiate our people, product, and processes from our competitors by delivering the best customer experience to our customers. Our team ...",3
easyapply.co application,Bing,stjameshouse.easyapply.co,https://stjameshouse.easyapply.co/,View jobs at St. James House of Baytown,"St. James House of Baytown . St. James House of Baytown is passionately committed to a nurturing environment that empowers our skilled nursing community and independent living residents to live healthy, comfortable and socially interactive lives.",3
easyapply.co application,Bing,hbssystemsinc.easyapply.co,https://hbssystemsinc.easyapply.co/job/hbs-systems-application-6,HBS Systems Application at HBS SYSTEMS INC - hbssystemsinc.easyapply.co,"If you would like to contact us regarding the accessibility of our website or need assistance completing the application process, please contact Alaina Jeanblanc/HR Manager at 972-234-4444 or careers@hbssystems.com",3
easyapply.co application,Bing,townofduxburyjobs.easyapply.co,https://townofduxburyjobs.easyapply.co/,View jobs at Town of Duxbury,"Duxbury Massachusetts Duxbury founded in 1637, was named by Myles Standish after Duxbury Woods in his home town of Chorley, Lancashire, Great Britain. ...",3
easyapply.co application,Bing,tcdnapa.easyapply.co,https://tcdnapa.easyapply.co/,easyapply.co - View jobs at Third Coast NAPA,"Together, we are a world-class service organization and we look forward to reviewing your application. Third Coast NAPA is an Equal Opportunity Employer. Available positions may vary by store. Current Job Openings. Keywords City, State or ZIP code Search ...",3
easyapply.co application,Bing,blesseymarineservices.easyapply.co,https://blesseymarineservices.easyapply.co/,View jobs at Blessey Marine,"Elmwood, LA. Blessey Marine Services, Inc. owns and operates one of the youngest multi-faceted inland tank barge and vessel fleets in the United States.",3
easyapply.co application,Bing,vivo.easyapply.co,https://vivo.easyapply.co/,View jobs at Vivo for Healthier Generations Society,"Our Collaboratory applies leading practices in social innovation to co-create and measure new kinds of healthy living solutions, and our Centre is an inclusive environment for healthy lifestyles. We create meaningful impact with individuals, the community and the planet.",3
easyapply.co application,Bing,brightisle.easyapply.co,https://brightisle.easyapply.co/,View jobs at Brightisle,"Brightisle . At Brightisle we recognize that our employees are the heart of our organization, and their growth and development are paramount to our success.",3
easyapply.co application,Bing,bigtopeventsllc.easyapply.co,https://bigtopeventsllc.easyapply.co/,View jobs at BIG TOP EVENTS LLC,"Madison, WI. Hospitality Assistants have a direct impact on the customer experience at Breese Stevens Field. They will work in our luxury suite areas and exclusive ticketed areas.‚Ä¶",3
easyapply.co application,Bing,jasonaldeanslv.easyapply.co,https://jasonaldeanslv.easyapply.co/,"View jobs at Jason Aldean's, Las Vegas","Las Vegas, NV. POSITION SUMMARY: The Visual Technician supports in executing the overall day-to-day technical, operational needs for sound, lights, video, and backline equipment‚Ä¶",3
easyapply.co application,Bing,siloammission.easyapply.co,https://siloammission.easyapply.co/,View jobs at Siloam Mission,Siloam Mission . Siloam Mission is a Christian humanitarian organization that exists to alleviate hardships and provide opportunities for transition for those experiencing homelessness in Winnipeg since 1987.,3
easyapply.co application,Bing,ywcahamilton.easyapply.co,https://ywcahamilton.easyapply.co/,View jobs at YWCA Hamilton,"We at YWCA Hamilton believe that women and girls must have the rights, resources, and opportunities to shape their own lives and define their...",3
easyapply.co application,Bing,elmllc.easyapply.co,https://elmllc.easyapply.co/,View jobs at ELM Utility Services,"Denver, CO ELM Utility Services, with over 1300 employees nationwide, has an outstanding opportunity as a Gas Leak Survey Technicians to work in the Ft. Collins, Longmont,‚Ä¶ Apply",4
easyapply.co application,Bing,easyapply.co,https://easyapply.co/job/medium-duty-truck-driver-to-pick-up-donations-2,Medium Duty Box Truck Driver at Waterfront Rescue Mission - easyapply.co,Drives ministry trucks to donor locations and picks-up donated items. Performs all preventive maintenance checks and informs supervisor of items needing repair and items that create safety deficiencies.,4
easyapply.co application,Bing,easyapply.co,https://easyapply.co/,easyapply.co,"Hiring and Onboarding, Time and Attendance, Benefits Administration. GetHired's HR product suite is designed to help your business run efficiently, save money, ‚Ä¶",4
easyapply.co application,Bing,easyapply.co,https://easyapply.co/job/general-application-41,General Application at Community Bible Church - easyapply.co,Candidates completing a General Application should first determine if there is a specific position to apply for and complete the corresponding application. If no positions are posted in your area of interest please indicate your area of interest in your general application.,4
easyapply.co application,Bing,ymcaghd.easyapply.co,https://ymcaghd.easyapply.co/,easyapply.co - View jobs at YMCA of Greater Halifax/Dartmouth,"Halifax, NS. Title: Summer Day Camp Counsellor Position Status: Full-Time, Contract Salary: $15.75+ per hour Start Date: June 23 to August 29, 2025 Locations: Halifax, Sackville,‚Ä¶",4
easyapply.co application,Bing,easyapply.co,https://easyapply.co/product/hiring,Hiring & Onboarding| GetHired.com - easyapply.co,"More than 50% of job seekers today apply through a mobile device, so having a professional, mobile-first application process is important to attract qualified candidates. Quickly Find the Best Fit for Your Position. As candidates apply to your job, they will be neatly managed inside of the GetHired applicant tracking system. You can ...",4
easyapply.co application,Bing,easyapply.co,https://easyapply.co/job/open-application-join-the-agwest-team,Open Application: Join the AgWest Team - easyapply.co,"Commitment to Safety: Join an organization that prioritizes the safety and well-being of its employees above all else. Premium Brands: Work with top-tier equipment and machinery, representing leading brands in the agricultural industry.",4
easyapply.co application,Bing,communitybiblechurch.easyapply.co,https://communitybiblechurch.easyapply.co/,View jobs at Community Bible Church,"If you wish to submit a general application, be sure to indicate your area of interest on the application. Due to the large number of employment applications we receive, we are able to contact only those candidates who have been selected for interviews. Current Job Openings. Keywords City ...",4
easyapply.co application,Bing,intercruises.easyapply.co,https://intercruises.easyapply.co/,View jobs at Intercruises Shoreside & Port Services,"About Intercruises Shoreside & Port Services. Intercruises is an experienced global business offering turnaround, shore excursion, port operations and hotel-program services to the ocean and river cruise industry.",4
easyapply.co application,Bing,easyapply.co,https://easyapply.co/job/general-job-posting,General Application at Tahltan Nation Development LP - easyapply.co,Are you looking for a work environment that's invested in your success?. A team that values one another? Prioritize safety and culture? Expanding your career and qualifications? Potential working long term or seasonal?,4
easyapply.co application,Bing,careerlink.com,https://careerlink.com/,"Job Search, Career Advice & Employer Tools | Careerlink","Brand Hydraulics Co. Omaha, NE . Part-time . 27 May ( 5 days ago ) ... Either they provided me roles that did not match my background or my application got lost in the crowd. That was not the case with Careerlink. Bryce Johnson. The Recommendation Process through Careerlink was simple, quick and made the difference! ...",4
easyapply.co application,Bing,theharborsideinn.easyapply.co,https://theharborsideinn.easyapply.co/,View jobs at HARBORSIDE INN CONDO TRUST,"2025 Season General Employment Application. Edgartown, Ma Seasonal . The Harborside Inn is now accepting applications for the 2025 season! We accepting applications for the following roles: BellhopDock AssistantFront Desk AgentHousekeeping... View Job ¬´ ...",4
easyapply.co application,Bing,iberiamedicalcenter.easyapply.co,https://iberiamedicalcenter.easyapply.co/,View jobs at IBERIA MEDICAL CENTER,"New Iberia, LA. Iberia Medical Center (IMC) in New Iberia, LA is looking for team members who will help advance our vision to be the premier hospital of choice for patients, physicians‚Ä¶",4
easyapply.co application,Bing,nunus.easyapply.co,https://nunus.easyapply.co/,View jobs at NuNu's,"Youngsville, LA. Job Title: Produce Associate Company: NuNu's Fresh Market Job Description: This is a Part-time position that can lead to a Full-time position working under the‚Ä¶",5
easyapply.co application,Bing,easyapplyjobs.com,https://easyapplyjobs.com/,Easy Apply Jobs - easyapplyjobs.com,"Search easy apply job listings in the United States including remote jobs, full-time jobs, contract jobs, and entry-level jobs in your area. All listings are easy apply!",5
easyapply.co application,Bing,fisher59llc.easyapply.co,https://fisher59llc.easyapply.co/,View jobs at Fisher59,"Idabel, OK. Merchandiser Schedule: Monday-Friday $17 an Hour 6:00am-7am to 4:00pm sometimes 5pm depending on workload Job Description: This position ‚Ä¶",5
easyapply.co application,Bing,walkonsfran.easyapply.co,https://walkonsfran.easyapply.co/,easyapply.co - View jobs at Walk On's Sports Bistreaux,"About Walk On's Sports Bistreaux. In 2016, DBMC Restaurants entered into a multi-state development agreement with Walk-On‚Äôs Sports Bistreaux, a Baton Rouge-based brand offering a family-friendly, sports-themed casual dining experience.",5
easyapply.co application,Bing,alwaysawayllc.easyapply.co,https://alwaysawayllc.easyapply.co/,View jobs at Always A Way LLC,"Boise, ID. Always A Way is seeking a Mental health therapist to join our clinic's team! Our growing clinic serves a diverse population of both adults and children with mental‚Ä¶",5
easyapply.co application,Bing,easyapply.co,https://easyapply.co/a/application-form/7c8720a0-9577-432d-865d-6316b005d645,"Towing Deckhand at Wood Resources, LLC - GetHired.com","Towing Deckhand Job Description . For more than 70 years, Wood Resources has continued to provide marine towing, ship mooring, dredging, as well as construction and landscaping materials. Position Summary: Deckhands assist in the operation and maintenance of Wood Resources marine vessels.",5
easyapply.co application,Bing,easyapply.co,https://easyapply.co/a/3314aef2-cb37-401b-b6ca-3b87b70f3963,Generic Job Application at St. James House of Baytown,"If there are no specific positions open at St. James House that you are interested in applying for, please submit your application here. We will gladly keep your application on file. St. James House of Baytown is an EEO employer - M/F/Vets/Disabled . View all jobs at this company. Upload ...",5
easyapply.co application,Bing,firstuniteddtes.easyapply.co,https://firstuniteddtes.easyapply.co/,View jobs at First United,"Our teams are mission-driven, committed, and come from diverse backgrounds. We look forward to talking to you about your application! If you have any questions about First United or a job posting - or if you don't see a job that suits you but you want us to keep you in mind - please reach out to us at hr@firstunited.ca.",5
easyapply.co application,Bing,preborn.easyapply.co,https://preborn.easyapply.co/,View jobs at MISSION PRE-BORN INC,"Indianapolis, IN. Pre-Born! Scope: We are seeking a Christ-loving, detail-oriented finisher to help manage various administrative and facility tasks.",5
easyapply.co application,Bing,leaguefortheblindanddisabledi.easyapply.co,https://leaguefortheblindanddisabledi.easyapply.co/,View jobs at LEAGUE FOR THE BLIND AND DISABLED INC,"Fort Wayne, IN. JOB OPENING The League for the Blind & Disabled Home Care Program Manager The League‚Äôs Home Care Program is seeking a dedicated, hard-working and‚Ä¶",5
easyapply.co application,Bing,southerneaglesalesandservice.easyapply.co,https://southerneaglesalesandservice.easyapply.co/,View jobs at SOUTHERN EAGLE SALES AND SERVICE A,"Southern Eagle Sales & Service is the largest distributor of beverage products (beer, water, juices, energy drinks, wine & spirits) in the New Orleans Area...",5
easyapply.co application,Bing,cineluxtheatrescollc.easyapply.co,https://cineluxtheatrescollc.easyapply.co/,View jobs at CINELUX THEATRES CO LLC,There are currently no open jobs. Powered by GetHired.com | Terms of Service | Privacy Policy Sign In √ó,5
easyapply.co application,Bing,nechc.com,https://nechc.com/get-involved/careers/,Careers - NECHC,"Additionally, we invite applicants to self-identify in their application or complete the questionnaire on the NECHC website. Rest assured, any declaration regarding membership in equity groups will remain confidential. ... How to Apply: Submit your cover letter and resume to https://nechc.easyapply.co/ Only those selected for an interview will ...",5
easyapply.co application,Bing,slimchickens.easyapply.co,https://slimchickens.easyapply.co/,View jobs at Slim Chickens Support Center and Company Stores,"Rogers, Arkansas. Slim Chickens is a leading national brand in the fast-growing emerging 'better chicken' fast-casual segment. This is a great opportunity for starting and growing‚Ä¶",5
easyapply.co application,Bing,canadianmusicians.easyapply.co,https://canadianmusicians.easyapply.co/,View jobs at Canadian Musicians Co-operative,The Canadian Musicians Co-operative is a not-for-profit arts service organization dedicated to assisting new generation and other independent artists build ‚Ä¶,6
easyapply.co application,Bing,bgckawarthas.easyapply.co,https://bgckawarthas.easyapply.co/,View jobs at BGC Kawarthas,"We thank you for your application but advise that only those selected for an interview will be contacted. Current Job Openings. Keywords City, State or ZIP ‚Ä¶",6
easyapply.co application,Bing,jaxinc.easyapply.co,https://jaxinc.easyapply.co/,View jobs at JAX Mercantile Co.,"JAX Mercantile Co. is a family and employee owned business with a heart for customer service, conservation, and community. Established in 1955, JAX stores are a local destination for outdoor gear, clothing, footwear, farm and ranch supplies, home essentials, gifts, hardware, and military surplus. JAX is committed to helping people get their ...",6
easyapply.co application,Bing,easyapply.co,https://easyapply.co/login,Login | GetHired - easyapply.co,"Post a job to multiple job boards in one click with GetHired. Search resume database, hire fast, save time and money.",6
easyapply.co application,Bing,easyapplyapp.com,https://www.easyapplyapp.com/,The Best Way to Find Top Talent | Easy Apply,Save tons of time from having to read a stack of resumes that don‚Äôt give you a sense of a candidate‚Äôs personality and with a click of a button watch a custom-tailored elevator pitch from your ideal candidate.. We‚Äôre revolutionizing the talent acquisition process by emphasizing personality and experience over what the text says on a piece of paper.,6
easyapply.co application,Bing,wonderbookvideoinc.easyapply.co,https://wonderbookvideoinc.easyapply.co/,View jobs at Wonder Book & Video Inc,"Wonder Book & Video Inc . A bookseller since 1980 and online since 1997, Wonder Book is passionate about books, whether used mass markets, five-figure rare collectibles, or new publisher√¢‚Ç¨‚Ñ¢s overstocks.",6
easyapply.co application,Bing,easyappl.ai,https://www.easyappl.ai/fr,Easy Apply - Simplifiez votre recherche d'emploi avec l'IA,"Transformez votre recherche d'emploi avec des CV et des lettres de motivation g√©n√©r√©s par l'IA, parfaitement adapt√©s √† l'emploi de vos r√™ves. Gagnez du temps et augmentez vos chances d'obtenir un entretien.",6
easyapply.co application,Bing,woodresources.com,https://woodresources.com/careers/,Careers - Wood Resources,"Apply on-line or stop by our office @ 5821 River Road, Avondale, LA 70094. Application inquiries can be sent to applications@woodresources.com",6
easyapply.co application,Bing,tcrg.easyapply.co,https://tcrg.easyapply.co/,View jobs at TC Restaurant Group,"Nashville, TN. POSITION SUMMARY: The Restaurant Server position will take orders and deliver them to our guests maintaining and enhancing the quality of our customer service.‚Ä¶",6
easyapply.co application,Bing,nationalww2museuminc.easyapply.co,https://nationalww2museuminc.easyapply.co/,View jobs at The National WWII Museum,"Consistent with the Americans with Disabilities Act, applicants may request accommodations needed to participate in the application process. The National WWII Museum offers a competitive wage and benefits package which includes the following: ‚Ä¢ Competitive wages ‚Ä¢ Medical insurance 2 plan options; Museum pays 75% of premium",6
easyapply.co application,Bing,lilwatnation.easyapply.co,https://lilwatnation.easyapply.co/,View jobs at Lilwat Nation,"About Lilwat Nation. Workplace Culture NtÃì√°kmen: Honour, Honesty And Respect The people who work for the nation share a common characteristic: a commitment to serving the people of the L√≠lÃìwat Nation.",6
easyapply.co application,Bing,easyapply.co,https://easyapply.co/a/78a883bf-46bb-408c-8ab8-b4dc47fd2a09,Warehouse Associate - Sarnia at Unified Alloys - easyapply.co,"Warehouse Associate ‚Äì Sarnia, ON (On-site / Full-Time) Unified Alloys is a leader in providing quality stainless steel and corrosion resistant process piping products across Canada.",6
easyapply.co application,Bing,italiancentreshop.easyapply.co,https://italiancentreshop.easyapply.co/,View jobs at Italian Centre Shop,About Italian Centre Shop. Italian Centre Shop connects community through food and cultural experiences. We are a gathering place where we offer the best-known European products; we exceed customers expectations and allow them to travel with their taste buds.,6
easyapply.co application,Bing,jainc.easyapply.co,https://jainc.easyapply.co/,View jobs at J & A INC,"J & A INC . J & A, Inc. 's mission is to create stable, vibrant, and healthy communities by developing, financing, and operating affordable housing for families, seniors, and people with special needs who lack the economic resources to access quality, safe housing opportunities.",6
easyapply.co application,Bing,tndc.ca,https://www.tndc.ca/careers/current,Employment Opportunities - TNDC,"Upon submitting an application, you will need to confirm your application and will receive a confirmation email from TNDC's ATS system. ... View TNDC's Current Employment Opportunities: https://tndc.easyapply.co/ Welcome; Employment Opportunities; Current Opportunities; Training; Accountable ‚Ä¢ Integrity ‚Ä¢ Respect ‚Ä¢ Unified. Tahltan Nation ...",7
easyapply.co application,Bing,blessey.com,https://www.blessey.com/application,Application - Blessey Marine,"APPLICATION. Vessel Positions. Blessey Marine Services, Inc. is an Equal Opportunity Employer and Drug-Free Workplace. We are always accepting ‚Ä¶",7
easyapply.co application,Bing,prodisposal.easyapply.co,https://prodisposal.easyapply.co/,View jobs at Pro Disposal,"Ebensburg, PA. Customer Service Representative Pro Disposal Inc. collects trash and recycled materials in the Central Pennsylvania Region. Currently, we ‚Ä¶",7
easyapply.co application,Bing,lifesjourneyinc.easyapply.co,https://lifesjourneyinc.easyapply.co/,View jobs at Life's Journey Inc,"About Life's Journey Inc. Life‚Äôs Journey Inc. is a non-profit social services agency operating in Winnipeg, Brandon, and Steinbach Manitoba. We acknowledge that we gather and work on Treaty 1 and 2 land, traditional territories of the Anishinaabeg, Cree, Oji-Cree, Assiniboine, Dakota and Dene Peoples, and the homeland of the M√©tis Nation.",7
easyapply.co application,Bing,easyapplication.fr,https://easyapplication.fr/,Easy Application ‚Äì Just another WordPress site,"Easy Application a tout g√©r√© pour moi, et en quelques semaines, j‚Äôavais mon admission et mon visa en poche ! Je recommande √† 100 %. M Hamza A. J‚Äôavais besoin d‚Äôun coup de main pour mon inscription en √©cole de commerce en France. L‚Äô√©quipe de Easy Application ont √©t√© d‚Äôune aide pr√©cieuse ! Tout a √©t√© fait rapidement et avec ...",7
easyapply.co application,Bing,stjamesla.com,http://stjamesla.com/259/Parish-Employment,"Parish Employment | St. James Parish, LA","St. James Parish P.O. Box 106 5800 Highway 44 Convent, LA 70723 Phone: 225-562-2500",7
easyapply.co application,Bing,landseacampservices.easyapply.co,https://landseacampservices.easyapply.co/,View jobs at LandSea Camp Services,"General Application, Remote Camp Work. Remote Full-time . Are you interested in working with LandSea Camps? Here, you can submit your resume to our general applications for the following positions: Chef 1st Cook2nd Cook3rd... View Job. 1st Cook, Remote Camp ...",7
easyapply.co application,Bing,stjamesla.com,https://www.stjamesla.com/478/Personnel-Department,"Personnel Department | St. James Parish, LA","St. James Parish P.O. Box 106 5800 Highway 44 Convent, LA 70723 Phone: 225-562-2500",7
easyapply.co application,Bing,ranelightmetalcastings.easyapply.co,https://ranelightmetalcastings.easyapply.co/,"View jobs at Russellville Engineered Catings, Inc.","Russellville Engineered Catings, Inc. Russellville Engineered Castings, Inc is a leading manufacturer of high-quality industrial equipment for the automotive, appliance, and utility industries.",7
easyapply.co application,Bing,uniongospelmission.easyapply.co,https://uniongospelmission.easyapply.co/,View jobs at Union Gospel Mission,"About Union Gospel Mission. Demonstrating the love of Christ, UGM is determined to transform communities by overcoming poverty, homelessness and addiction one life at a time.",7
easyapply.co application,Bing,ceremonycoffeeroasters.easyapply.co,https://ceremonycoffeeroasters.easyapply.co/,easyapply.co - Login | GetHired,"Post a job to multiple job boards in one click with GetHired. Search resume database, hire fast, save time and money.",7
easyapply.co application,Bing,mckendreevillage.easyapply.co,https://mckendreevillage.easyapply.co/,View jobs at McKendree Village,"About McKendree Village. MISSION Trousdale Living Communities is committed to delivering our patients and residents exceptional, compassionate care and fostering purpose-filled lives.",7
easyapply.co application,Bing,harborviewhotel.easyapply.co,https://harborviewhotel.easyapply.co/,View jobs at HARBOR VIEW HOTEL,"Edgartown, MA. We want you to make Martha's Vineyard your home! Come join the dynamic team at the Bettini Restaurant at the Harbor View Hotel the most luxurious waterfront hotel‚Ä¶",7
easyapply.co application,Bing,gulfislandswaterpark.easyapply.co,https://gulfislandswaterpark.easyapply.co/,View jobs at Gulf Islands Waterpark,Gulf Islands Waterpark . Gulf Islands Waterpark is the premier family entertainment destination on the Mississippi Gulf Coast. Featuring miles of slides and fun we provide a great summer time getaway for visitors from all over the nation.,7
easyapply.co application,Bing,easyapply.co,https://easyapply.co/site/terms-of-service,GetHired - easyapply.co,"in a co unt ry as a cond ition of employment, unl ess otherwise required in order to comp ly with. law, regulatio ns, ex e cu t iv e order, or federal, state or local gov er n ment contract; (b.iii) p ost jobs that include a n y screenin g re q uire men t or criter ion in con n ecti on with a job .",8
easyapply.co application,Bing,easyapply.co,https://easyapply.co/job/branch-operations-manager-covington?rcid=metairie_bank_link,Branch Operations Manager- Clearview at METAIRIE BANK - easyapply.co,"Please do not call about the status of your job application if you do not require accessibility assistance or an accommodation. Messages left for other purposes, such as following up on an application or non-disability related technical issues, will not receive a response. ... METAIRIE BANK endeavors to make https://metairiebank.easyapply.co ...",8
easyapply.co application,Bing,resume.io,https://resume.io/blog/linkedin-easy-apply?msockid=333e06e56cb76e861f9510e46d816f1f,LinkedIn easy apply: what's it for and should you be ‚Ä¶,9 Oct 2024¬†¬∑ The application requires a cover letter (it‚Äôs easy to forget to attach one) Expert tip . Why do LinkedIn jobs have so many applicants? Because it‚Äôs ‚Ä¶,8
easyapply.co application,Bing,easyapply.co,https://easyapply.co/employers/faq,Frequently Asked Questions | GetHired - easyapply.co,"Common questions, answered. Q: How long does it take to set up an account? A: You can set up an account in less than two minutes! Simply answer a few questions and you're all set. Q: How is my data secured? A: Security is one of our top priorities. Your data is housed in state of the art data centers located throughout the USA and allow us to have over a 99.90ptime.",8
easyapply.co application,Bing,indeed.com,https://www.indeed.com/q-Easy-Apply-jobs.html,"Easy Apply Jobs, Employment | Indeed","59,107 Easy Apply jobs available on Indeed.com. Apply to Tutor, Scanner, Licensed Clinical Social Worker and more!",8
easyapply.co application,Bing,zeidlerarchitecture.easyapply.co,https://zeidlerarchitecture.easyapply.co/,View jobs at Zeidler Architecture,"About Zeidler Architecture. Zeidler is a leading Canadian architectural practice with a portfolio of inspiring buildings that foster social engagement, facilitate excellence and deliver enduring value.",8
easyapply.co application,Bing,easyapply.co,https://easyapply.co/a/1ef5c9b6-aecf-41f7-b2e4-433ad37fac33,"Construction Materials Testing Technician at OWN, Inc. - easyapply.co","If you would like to contact us regarding the accessibility of our website or need assistance completing the application process, please contact Tom Dobberpuhl/Talent Acquisition Partner/Human Resources at 816-777-0400 or hr@weareown.com",8
easyapply.co application,Bing,louisianafishfryproductsltd.easyapply.co,https://louisianafishfryproductsltd.easyapply.co/,View jobs at LOUISIANA FISH FRY PRODUCTS LTD,"LOUISIANA FISH FRY PRODUCTS LTD . About Us Our Mission: To celebrate and share authentic Louisiana flavors with the world. Every year, millions of people visit Louisiana to get a glimpse into its rich heritage, enjoy the diversity of its culture, and taste some of ‚Ä¶",8
easyapply.co application,Bing,spraguehotels.easyapply.co,https://spraguehotels.easyapply.co/,View jobs at Sprague Company LLC,"About Sprague Company LLC. Sprague Hotel Developers is a Columbus, Indiana based hotel management and development company that operates hotels in the Indianapolis and the south central region of Indiana.",8
easyapply.co application,Bing,higginsbeachinn.easyapply.co,https://higginsbeachinn.easyapply.co/,View jobs at Higgins Beach Inn,Higgins Beach Inn . We employ a great group of seasonal and year round team members at Higgins Beach Inn and Shade. Seasonal employees typically work from sometime in May through the end of October.,8
easyapply.co application,Bing,weareown.easyapply.co,https://weareown.easyapply.co/,"View jobs at OWN, Inc.","Joplin, MO. OWN, Inc. is an engineering firm that believes in the power of employee-ownership. Our talented team builds futures while helping shape the built environment across‚Ä¶",8
easyapply.co application,Bing,marylandzoo.easyapply.co,https://marylandzoo.easyapply.co/,View jobs at Maryland Zoo,"About Maryland Zoo. Founded in 1876, at the Maryland Zoo, we are All for Animals! Our staff has the unique opportunity to work in a welcoming, exciting, and historic environment, with a corporate mission to entertain, inspire, and educate others to support the conservation efforts of ‚Ä¶",8
easyapply.co application,Bing,maconbanktrustcompany.easyapply.co,https://maconbanktrustcompany.easyapply.co/,View jobs at MACON BANK & TRUST COMPANY,About MACON BANK & TRUST COMPANY. Macon Bank and Trust Company has over 105 years of financial service to our communities. We pride ourselves on offering cutting edge products and services while maintaining effective and responsive customer service.,8
easyapply.co application,Bing,rosedalegreen.org,https://rosedalegreen.org/contact-us/careers/,CAREERS ‚Äì Rosedale Green,"Rosedale Green does not exclude, deny benefits to, or otherwise discriminate against any person on the ground of race, color, national origin, disability, age, gender, gender identity, sexual orientation, religion, or creed in admission to, participation in, or receipt of the services and benefits under any of its programs and activities, and in staff and employee assignments to ‚Ä¶",8
easyapply.co application,Bing,jobscan.co,https://www.jobscan.co/blog/linkedin-easy-apply-employers/,Everything You Need To Know About LinkedIn Easy ‚Ä¶,7 Aug 2023¬†¬∑ Tips to strengthen your application through LinkedIn Easy Apply. LinkedIn Easy Apply is a useful tool for job seekers. But relying on the ‚Ä¶,9
easyapply.co application,Bing,pizzamancareers.easyapply.co,https://pizzamancareers.easyapply.co/,View jobs at The Pizza Man,"Lyndonville, Vermont. Work in a fast paced fun environment serving ice cream. Flexible schedule. ‚Ä¶",9
easyapply.co application,Bing,mwthisbar.easyapply.co,https://mwthisbar.easyapply.co/,View jobs at Morgan Wallen's This Bar & Tennessee Kitchen,"Nashville, TN. POSITION SUMMARY: Ensure the safety and security to guests, team members, and Company assets. Perform Responsibilities in accordance with all company standards,‚Ä¶",9
easyapply.co application,Bing,mcp.easyapply.co,https://mcp.easyapply.co/,View jobs at MAYFIELD CONSUMER PRODUCTS,"Mayfield, Kentucky. OVERALL PURPOSE/FUNCTION:√Ç Assist the Warehouse department by processing and managing all incoming deliveries and outgoing shipments following MCP customer established‚Ä¶",9
easyapply.co application,Bing,hcw.easyapply.co,https://hcw.easyapply.co/site/privacy-policy,GetHired - Privacy Notice - 2025 - easyapply.co,"Post-Application Employment-Related Platforms (including . Onboarding, T ax Credits, T ime & Attendance, and Benefits Administration) ‚Ä¢ Process or maintain Personal Information on behalf of your employer that provided the . Personal Information or dir ected us to collect the Personal Information, and in accor dance with .",9
easyapply.co application,Bing,facebook.com,https://www.facebook.com/slickcitytulsaok/,"Slick City Tulsa, OK | Tulsa OK - Facebook",Join team Slick City! üòé Step 1: Submit your application üì≤ https://innovativeheightstulsallc.easyapply.co/ Step 2: A manager will be in contact to invite you to a Job Fair‚≠êÔ∏è Positions available below üëá ~Management ü§© ~Party Pros ü•≥ ~Action Monitors üõù ~Sales Associates üòÅ #nowhiring #ApplyNow #slickcity #Oklahoma #Tulsa # ...,9
easyapply.co application,Bing,oceanstatejoblot.easyapply.co,https://oceanstatejoblot.easyapply.co/,View jobs at Ocean State Job Lot,"Ocean State Job Lot . Ocean State Job Lot is New England's ""Home of Adventure Shopping"". Millions of Job Lot customers enjoy hunting for quality brand name merchandise at closeout prices.",9
easyapply.co application,Bing,stjameshouse.org,https://www.stjameshouse.org/employment/application/,Application ‚Äì St. James House,"Application admin 2023-12-21T12:27:38-06:00. Working at St. James House. We strive to create an environment for our employees that supports personal and professional growth. Benefits: Bi-Weekly Pay Periods ‚Äì Direct Deposit; Healthcare Benefits Include: Medical, Dental, & Vision;",9
easyapply.co application,Bing,cypresshealthcare.easyapply.co,https://cypresshealthcare.easyapply.co/site/terms-of-service,GetHired - cypresshealthcare.easyapply.co,"in a co unt ry as a cond ition of employment, unl ess otherwise required in order to comp ly with. law, regulatio ns, ex e cu t iv e order, or federal, state or local gov er n ment contract; (b.iii) p ost jobs that include a n y screenin g re q uire men t or criter ion in con n ecti on with a job .",9
easyapply.co application,Bing,easyapply-novanthealth.icims.com,https://easyapply-novanthealth.icims.com/jobs/intro,Novant Health careers - iCIMS,"Novant Health 2085 Frontis Plaza Blvd. Winston-Salem, North Carolina 27103 Applicant information line: 336-718-5750",9
easyapply.co application,Bing,businessjetcenter.easyapply.co,https://businessjetcenter.easyapply.co/,View jobs at Business Jet,"About Business Jet. Business Jet is a full-service private aviation provider based at Dallas Love Field. For over 30 years, Business Jet has combined high-level aircraft maintenance and management with award-winning complementary support services, including: aircraft charter and management, award-winning FBO services, AOG support, and aircraft solutions and acquisitions.",9
easyapply.co application,Bing,americaneagleoutfitters.easyapply.co,https://americaneagleoutfitters.easyapply.co/,View jobs at American Eagle Outfitters,"American Eagle Outfitters . THE AEO INC. STORY At AEO, the vitality of our company resides in our people. Our associates, our customers and our partners are at the heart of everything that we do.",9
easyapply.co application,Bing,pcfsystemsinc.easyapply.co,https://pcfsystemsinc.easyapply.co/,View jobs at Peach Cobbler Factory Tampa/USF,"Tampa, FL. READY TO BE PART OF THE SWEETEST PLACE ON EARTH? The Peach Cobbler Factory is Hiring SHIFT LEADERS. **Must shift leader and have food service experience.",9
easyapply.co application,Bing,cedarsprucecampgrounds.easyapply.co,https://cedarsprucecampgrounds.easyapply.co/,View jobs at Cedar & Spruce Campgrounds,"About Cedar & Spruce Campgrounds. At Cedar & Spruce, our mission is to create exceptional outdoor experiences by providing clean, safe, and well-maintained campgrounds that showcase the natural beauty of our surroundings.",9
easyapply.co application,Bing,easyapply.co,https://easyapply.co/a/b1816911-9dad-4da3-9c5a-e41875a7c48e,Resettlement Housing Worker (Contract role) - easyapply.co,"Supports and promotes an environment that holds opportunities for all, regardless of race, ancestry, colour, ethnic origin, citizenship, creed, religion, sex, sexual orientation, age, family status, or disability; fosters a climate of inclusion where diverse thoughts are ‚Ä¶",10
easyapply.co application,Bing,phoenixsociety.easyapply.co,https://phoenixsociety.easyapply.co/,View jobs at Phoenix Society,"Phoenix Society . The Phoenix Society is a not-for-profit society dedicated to providing accessible services and opportunities to people who face barriers related to addiction, mental health, housing, education, criminal justice involvement and/or employment.",10
easyapply.co application,Bing,rebelathletic.easyapply.co,https://rebelathletic.easyapply.co/,View jobs at REBEL ATHLETIC INC,"Rebel Athletic, based in Dallas TX, is the fastest growing cheerleading uniform company in the world. Since 2012, Rebel has turned heads quicker than any...",10
easyapply.co application,Bing,easyapply.co,https://easyapply.co/a/15f535c0-776b-4812-90fd-9f4b03c73b8b,Continuing Care Assistant (CCA) - easyapply.co,"Join us as a Continuing Care Assistant (CCA) Ocean View Continuing Care Centre in Eastern Passage, NS, Canada. Facility: Ocean View Continuing Care Centre Location: Eastern Passage, Nova Scotia Job Category: Nursing, Healthcare Position Available: Part-time, Temporary Full-Time, and Casual Facility Description:",10
easyapply.co application,Bing,easyapply.ir,https://easyapply.ir/,EasyApply,ŸÖÿ±⁄©ÿ≤ ÿÆÿØŸÖÿßÿ™ ÿß€åÿ≤€å ÿßŸæŸÑÿß€å (EasyApply) ŸÖÿ±ÿ¨ÿπ ÿ™ÿÆÿµÿµ€å ŸÖŸÇÿßŸÑÿßÿ™ÿå ŸÖŸÜÿßÿ®ÿπ Ÿà ÿÆÿØŸÖÿßÿ™ ÿ™ÿÆÿµÿµ€å Ÿæÿ∞€åÿ±ÿ¥ ÿßÿ≤ ÿØÿßŸÜÿ¥⁄ØÿßŸá Ÿáÿß€å ŸÖÿπÿ™ÿ®ÿ± ÿÆÿßÿ±ÿ¨ ÿßÿ≤ ⁄©ÿ¥Ÿàÿ± ÿßÿ≥ÿ™. ÿÆÿØŸÖÿßÿ™ ŸÖÿÆÿ™ŸÑŸÅ ŸÖÿßŸÜŸÜÿØ ÿ™Ÿá€åŸáÿå ÿßÿµŸÑÿßÿ≠ Ÿà ÿßÿ≥ÿ™ÿßŸÜÿØÿßÿ±ÿØÿ≥ÿßÿ≤€å ÿßŸÜ⁄Ø€åÿ≤Ÿá ŸÜÿßŸÖŸá (SOP)ÿå ÿ∑ÿ±ÿ≠ ÿ™ÿ≠ŸÇ€åŸÇÿßÿ™€å (RP)ÿå ÿ±ÿ≤ŸàŸÖŸá ÿ™ÿ≠ÿµ€åŸÑ€å (CV) Ÿà ÿ™Ÿàÿµ€åŸá ...,10
easyapply.co application,Bing,pridestaff.com,https://www.pridestaff.com/quick-apply/,Online App Redirection - PrideStaff,"By clicking the SUBMIT button below, I agree that all claims relating to my application must be resolved through PrideStaff‚Äôs Binding Arbitration and dispute resolution process.I further agree that PrideStaff may call or text me at the phone number provided by me using automated technology and/or prerecorded messages with informational messages, such as those relating ‚Ä¶",10
easyapply.co application,Bing,ammobros.easyapply.co,https://ammobros.easyapply.co/,View jobs at Ammo Bros,"Ontario, CA. Are you a shooting sports enthusiast able to give excellent customer service to our customers? Do you have retail and leadership experience?",10
easyapply.co application,Bing,mainstreetproject.easyapply.co,https://mainstreetproject.easyapply.co/,View jobs at Main Street Project,"TITLE: Facilities Maintenance Worker LOCATION: 661 Main Street, 75 Martha, 637 Main Street, 777 Sargent, 167 Logan, Common outdoor spaces DEPARTMENT: Facilities ...",10
easyapply.co application,Bing,bigairraleightrampolinepark.easyapply.co,https://bigairraleightrampolinepark.easyapply.co/,View jobs at Big Air Trampoline Park,"Raleigh, NC. Ropes Course Operators must complete on-site training to become certified. Must be 17 years old or older. This job requires properly harnessing guests, putting‚Ä¶",10
easyapply.co application,Bing,deridderretirement.easyapply.co,https://deridderretirement.easyapply.co/,View jobs at DeRidder Retirement & Rehabilitation,"DeRidder, LA. JOB SUMMARY Cleans and services rooms, baths, lavatories, if any, and other resident areas. Dusts furniture and equipment. Cleans windowsills ...",10
easyapply.co application,Bing,northwoods.easyapply.co,https://northwoods.easyapply.co/,View jobs at North Woods Nursing Center,"Farwell, MI. Sign-on Bonus! $1000 At North Woods Nursing Center, we are family serving families with the highest level of care and compassion.√Ç √Ç Our team of exceptional‚Ä¶",10
easyapply.co application,Bing,esyapply.com,https://esyapply.com/,esyapply,"Streamline your hiring process effortlessly by seamlessly integrating the ""esyapply"" plugin into your company platform. Simply embed the plugin code snippet, customize it to match your platform's needs, and enjoy streamlined job application management. Contact us and get access for free for first 3 months...",10
easyapply.co application,Bing,adecco.com,https://www.adecco.com/en-us/job-seekers/how-to-apply,How to apply to jobs at Adecco,"When you complete the online application or when you apply for a specific job through this website, one of our recruiters will review your information. They'll reach out to you about jobs you‚Äôre qualified for or ones they think may interest you. You may also hear from our automated virtual assistance via text or chat in order to set up an ...",10
easyapply.co application,Bing,easyapply.co,https://easyapply.co/a/72120423-03cb-4929-804d-97b6c2a4bf43,Nursing Students (RN & LPN) to Work as Personal Care Workers ‚Ä¶,"Nursing Students (RN & LPN) to Work as Personal Care Workers (PCW) Ocean View Continuing Care Centre in Eastern Passage, NS, Canada. Facility: Ocean View Continuing Care Centre Location: Eastern Passage, Nova Scotia Job Category: Nursing, Healthcare Position Available: Temporary Full-time, Temporary Part-time, Casual Facility Description:",10
