url,title,description,domain,page
https://www.scam-detector.com/validator/easyapply-co-review/,easyapply.co Reviews: Is this site a scam or legit?,"Is easyapply.co legit or a scam? Read reviews, company details, technical analysis, and more to help you decide if this site is trustworthy or fraudulent.",www.scam-detector.com,1
https://www.scamadviser.com/check-website/easyapply.co,easyapply.co Reviews | check if site is scam or legit| Scamadviser,We think easyapply.co is legit and safe for consumers to access. Scamadviser is an automated algorithm to check if a website is legit and safe (or not). The review of easyapply.co has been â€¦,www.scamadviser.com,1
https://sur.ly/i/easyapply.co/,"easyapply.co - Beautiful, Effective, Easy-To-... - Easy Apply","easyapply.co. Hiring and Onboarding, Time and Attendance, Benefits Administration. GetHired's HR product suite is designed to help your business...",sur.ly,1
http://stjamesla.com/259/Parish-Employment,"Parish Employment | St. James Parish, LA","To view and apply for St. James Parish Government jobs, please visit https://stjamesparish.easyapply.co/ *St. James Parish Government only accepts online â€¦",stjamesla.com,1
https://www.webwiki.com/easyapply.co,Easyapply.co - Customer Reviews - Webwiki,Worth knowing about Easyapply.co: An applicant tracking system is a software application that enables the electronic handling of recruitment needs. read more,www.webwiki.com,1
https://www.facebook.com/photo.php/?fbid=10160111367881973,Cross Gates Family Fitness - Now Hiring For Aquatics:,"Apr 16, 2023Â· Now Hiring For Aquatics: ðŸŒŠ Lifeguards (certification opportunity available, check comments for details) ðŸŒŠ Swim Coaches ðŸŒŠ Swim Lesson Instructors. Apply Here: â€¦",www.facebook.com,1
https://www.bing.com/rebates/welcome?url=https%3a%2f%2fwww.semrush.com%2fwebsite%2feasyapply.co%2fcompetitors%2f&murl=https%3a%2f%2fwild.link%2fe%3fc%3d81641%26d%3d2350624%26url%3dhttps%253a%252f%252fwww.semrush.com%252fwebsite%252feasyapply.co%252fcompetitors%252f%26tc%3dbing-&id=semrush&name=semrush&ra=$320&hash=b2510690e19b0b7ccf5d8fe70e3119d507eae62af44c243873302ad362416e54&network=Wildfire,Top 1 easyapply.co Alternatives & Competitors | Semrush,Up to$320cash backÂ· Discover the full list of easyapply.co competitors and alternatives. Analyze websites like easyapply.co for free in terms of their online performance: traffic â€¦,www.bing.com,1
https://cside.dev/domains/easyapply.co,What is easyapply.co? - c/side,"Jan 10, 2025Â· Easyapply.co appears to be a job application platform or recruitment service, but its exact purpose is unclear. It's a relatively new domain, registered in 2017, and has a neutral â€¦",cside.dev,1
https://nechc.com/get-involved/careers/,Careers - NECHC,"May 22, 2025Â· Eligible for licensure as an RN and as a Nurse Practitioner with the College of Registered Nurses of Nova Scotia. How to Apply: Submit your cover letter and resume to â€¦",nechc.com,1
https://www.scamadviser.com/check-website/sansomequipmentltd.easyapply.co,sansomequipmentltd.easyapply.co Reviews | scam or legit check,sansomequipmentltd.easyapply.co is very likely not a scam but legit and reliable. Our algorithm gave the review of sansomequipmentltd.easyapply.co a relatively high score.,www.scamadviser.com,1
https://www.aaup.org/about/staff/employment-opportunities,Employment Opportunities - AAUP,"Project Organizer. The American Association of University Professors (AAUP), a fast-growing union of higher education workers that is affiliated with the American Federation of Teachers â€¦",www.aaup.org,2
https://rainbowresidentials.com/,Rainbow Residentials,Rainbow Residentials HR Line. For client services please refer to the individuals ISP for our company contact.,rainbowresidentials.com,2
https://www.instagram.com/maxsimtrafficlogistics/,Maxsim Traffic Logistics Inc. (@maxsimtrafficlogistics) - Instagram,maxsiminc.easyapply.co + 1. Posts. Reels. Tagged. ATSSAâ€™s Convention & Traffic Expo 2024 â€¢ â€¢ #trafficcontrol #construction #contractors #electricalengineering #civilengineering #contractors â€¦,www.instagram.com,2
https://www.facebook.com/RightCareHSCHRC/posts/we-are-hiring-for-the-following-positions-mds-nurse-httpseasyapplycojobmds-nurse/174499558665926/,We are hiring... - Cypress Healthcare & Rehabilitation Center,"Feb 27, 2023Â· We are hiring for the following positions! MDS Nurse: https://easyapply.co/job/mds-nurse-27?rcid=indeed CMA **$2,500 Sign On Bonus**...",www.facebook.com,2
https://hypestat.com/info/easyapply.co,"Easyapply.coBeautiful, Effective, Easy-To-Use HR Software","â€¢ Easyapply.co receives approximately 7K visitors and 14,788 page impressions per day. Which countries does Easyapply.co receive most of its visitors from? â€¢ Easyapply.co is mostly visited â€¦",hypestat.com,2
https://easyapply.co.siteindices.com/,"Easyapply / Beautiful, Effective, Easy-To-Use HR Software for â€¦","Easyapply.co has an estimated worth of US$ 405,155, based on its estimated Ads revenue. Easyapply.co receives approximately 35,238 unique visitors each day. Its web server is â€¦",easyapply.co.siteindices.com,3
https://www.statscrop.com/www/easyapply.co,Easyapply:Easyapply.co- StatsCrop,"Easyapply.co analytics: provides a concise, comprehensive, and visual report on the website Easyapply.co, including its world ranking, daily visitors, bounce rate, average time spent on â€¦",www.statscrop.com,3
https://www.zaxbys.com/news-media/Zaxbys-opens-second-location-in-Cherokee-County,Zaxbys opens second location in Cherokee County,"www.househensllc3416.easyapply.co. to apply for all available positions. About Zaxbys. Founded in 1990, Zaxbysâ„¢ is committed to serving delicious Chicken Fingerzâ„¢, ZaladsÂ®, wings, and â€¦",www.zaxbys.com,3
https://easyapply.co/a/4796de75-f7c0-4b8d-922d-7cdf50369c4b,General Application at Tahltan Nation Development LP -easyapply.co,Are you looking for a work environment that's invested in your success?. A team that values one another? Prioritize safety and culture? Expanding your career and qualifications? Potential â€¦,easyapply.co,3
https://www.vegas24seven.com/jason-aldeans-kitchen-bar-to-host-job-fair-on-oct-22-and-23/,Jason Aldeanâ€™s Kitchen + Bar to Host Job Fair on Oct. 22 and 23,"Oct 10, 2024Â· For more information about the position descriptions, visit jasonaldeanslv.easyapply.co.Interested applicants are encouraged to apply online in advance â€¦",www.vegas24seven.com,3
https://freightbreakersllc.easyapply.co/job/box-unloader-irving,Box Unloader (Irving) at Freight Breakers LLC,"For quick interview setups text: 817-856-9535, Make sure to include your name/ preferred shift and preferred date/time for interview. We are looking for loading / unloading associates who â€¦",freightbreakersllc.easyapply.co,3
https://www.facebook.com/Netchex/posts/3367129449998363/,Netchex Now Hiring Senior Software Engineer - Facebook,Netchex is now hiring a Senior Software Engineer. Apply today at: https://easyapply.co/a/f712239f-a78c-4f48-b80b-09748cf6e34f A remote-first workplace...,www.facebook.com,3
https://www.facebook.com/CrossGates/photos/a.10151357817176973/10160111367881973/,Cross Gates Family Fitness - Now Hiring For Aquatics:,"Apr 16, 2023Â· We're incredibly proud to announce Nate Welch as the new President of Cross Gates Family Fitness! He and his wife, Sima, join Larry and Merryanne Welch as co- owners.",www.facebook.com,3
https://www.gtpavilions.org/news-events/2025-concerts-on-the-lawn/,2025 Concerts on the Lawn Flyer | Grand Traverse Pavilions,Apply now at https://gtpavilions.easyapply.co. Beautification Project. Be part of our Campus Wide Beautification Project! We will be accepting orders throughout the year to enhance our â€¦,www.gtpavilions.org,3
https://easyapply.co/a/f7e85860-6243-4243-9b20-02b11e20de4e,General Application for Regent Park Rehabilitation & Healthcare,Apply online at https://rprh.easyapply.co/. You will be required to fill out an online application to move forward in the selection process (we do not accept just a resume). If you would like â€¦,easyapply.co,3
https://www.tndc.ca/careers/current,Employment Opportunities - TNDC,View TNDC's Current Employment Opportunities: https://tndc.easyapply.co/ Welcome; Employment Opportunities; Current Opportunities; Training; Accountable â€¢ Integrity â€¢ Respect â€¢ â€¦,www.tndc.ca,3
https://www.tndc.ca/employment,Ongoing Employment Opportunities- TNDC,"View the current employment opportunities and apply online at: https://tndc.easyapply.co/ Interested in working with TNDC, but don't see a current position? You can submit your â€¦",www.tndc.ca,3
https://easyapply.co/a/05fb6799-6790-4613-8ab9-1d6ca5e6bc01,Seasonal Grounds Technician at TANGANYIKA WILDLIFE PARK LLC -easyapply.co,"Mar 1, 2024Â· Apply at https://tagannyikawildlifeparkllc.easyapply.co If you have any issues apply please email amoody@twpark.com for assistance. View all jobs at this company",easyapply.co,3
https://www.facebook.com/photo.php/?fbid=122128083686793376,Slick - Join team Slick City! Step 1: Submit your ... - Facebook,"Apr 26, 2025Â· Join team Slick City! ðŸ˜Ž Step 1: Submit your application ðŸ“² https: //innovativeheightstulsallc.easyapply.co/ Step 2: Attend a hiring event on any of the dates â€¦",www.facebook.com,4
http://www.stjamesparishla.gov/Jobs.aspx,"Jobs â€¢ St. James Parish, LA â€¢ CivicEngage","To view and apply for St. James Parish Government jobs, please click on the Netchex logo or visit https://stjamesparish.easyapply.co/ *St. James Parish Government only accepts online â€¦",www.stjamesparishla.gov,4
https://pittsburgh.craigslist.org/sec/d/allison-park-seeking-drivers-2000-hr-pt/7853818476.html,Seeking Drivers! $20.00/Hr. PT/FT. Semi-Retirees also Welcome,"May 28, 2025Â· Apply here now! https://easyapply.co/job/seeking-drivers-17-hr-part-time-30-35-hrs-week-retirees-also-welcome-4?rcid=applynow Seeking Drivers in these areas in and ...",pittsburgh.craigslist.org,4
https://www.instagram.com/p/DJ9vV6xx-I0/,Court To Table | Kitchen & Bar | Come join the crew at Court To â€¦,"May 22, 2025Â· 14 likes, 1 comments - courttotable on May 22, 2025: ""Come join the crew at Court To Table! Make sure to bring your resume! ï¥’ APPLY HERE: â€¦",www.instagram.com,4
https://builtwith.com/easyapply.co,easyapply.coTechnology Profile - BuiltWith,Web technologies easyapply.co is using on their website. Google Analytics. Google Analytics Usage Statistics Â· Download List of All Websites using Google Analytics. Google Analytics â€¦,builtwith.com,4
https://www.gtpavilions.org/the-wellness-center/contact-us/,Contact Us | Grand Traverse Pavilions,"Now Hiring! Now Hiring! Certified Nurse Aides with full-time positions offering a starting wage of $22.89/hour, with $5.00/hour afternoon shift differential, $5.00/hour weekend differential, and â€¦",www.gtpavilions.org,4
https://www.facebook.com/groups/5694781386/posts/10158997884586387/,MOROCCANS in Toronto - AMDT | https://easyapply.co/a,"Jan 25, 2022Â· https://easyapply.co/a/ff07bc84-259e-4775-bcf5-1bfa6100b9c2",www.facebook.com,4
https://pittsburgh.craigslist.org/trd/d/canonsburg-seeking-drivers-2000-hr-pt/7850531777.html,Seeking Drivers! $20.00/Hr. PT/FT. Semi-Retirees also Welcome,"May 15, 2025Â· Apply here now! https://easyapply.co/job/seeking-drivers-17-hr-part-time-30-35-hrs-week-retirees-also-welcome-4?rcid=applynow Seeking Drivers in these areas in and ...",pittsburgh.craigslist.org,4
https://easyapply.co/a/480e0d0f-b7ea-4fd6-babe-7fe59b05c049,Water Resources Engineer at Biohabitats -easyapply.co,Biohabitats is seeking a Water Resources Engineer with an understanding of regional ecology and experience in nature-based design and/or ecological restoration to join our Chesapeake / â€¦,easyapply.co,5
https://seotoolscenters.com/seo-analyse/domain/easyapply.co,"Easyapply.coSEO Issues, Traffic and Optimization Tips",SEO score for Easyapply.co is 60. View in-depth website analysis to improve your web page speed and also fix your SEO mistakes.,seotoolscenters.com,5
https://lincolnparkmanor.easyapply.co/,View jobs at Lincoln Park Manor,"Lincoln, KS. Lincoln Park Manor is looking for PRN CNA's to work all shifts., weekends needed. For more information you can call 785-524-4428, or email â€¦",lincolnparkmanor.easyapply.co,5
https://www.instagram.com/shg_staffing/,SHG Staffing (@shg_staffing) â€¢ Instagram photos and videos,"1,169 Followers, 1,765 Following, 290 Posts - SHG Staffing (@shg_staffing) on Instagram: ""www.shgtempstaffing.com We are currently recruiting CNAs, LPNs and RNs.""",www.instagram.com,5
https://easyapply.co/a/6c90b537-d1e4-4ec2-8761-df01eaa35efc,Paraprofessional at Ability Matters -easyapply.co,Hiring Bonus: Earn up to $500 as part of our commitment to your success. Make a Real Difference: Join Ability Matters! Help transform the lives of students with disabilities by creating â€¦,easyapply.co,5
https://easyapply.co/a/730eabc0-0cd4-4d56-ba55-fbfc31df5723,GetHired -easyapply.co,"GetHired helps you get more interviews and more offers so you can find the career of your dreams. Employers, find top quality candidates at no cost. Learn more today.",easyapply.co,5
https://www.youtube.com/watch?v=IjEK8qgqW1E,https://acsfacilitiessvcs.easyapply.co- YouTube,Reasons to work for ACS. Apply here: https://smpl.is/a6zsn #short,www.youtube.com,5
https://www.semrush.com/website/easyapply.co/competitors/,Top 1easyapply.coAlternatives & Competitors | Semrush,Top 1 easyapply.co Alternatives & Competitors. Sign up for a free Semrush account to view our list of easyapply.co alternatives and competitors and analyze their performance in terms of â€¦,www.semrush.com,5
https://pittsburgh.craigslist.org/trp/d/irwin-seeking-drivers-2000-hr-pt-ft/7850531342.html,Seeking Drivers! $20.00/Hr. PT/FT. Semi-Retirees also Welcome,Apply here now! https://easyapply.co/job/seeking-drivers-17-hr-part-time-30-35-hrs-week-retirees-also-welcome-4?rcid=applynow Seeking Drivers in these areas in and ...,pittsburgh.craigslist.org,5
https://carrollworks.com/job/licensed-practical-nurse-lpn-12-hour-shifts-limited-positions-available-apply-today/,Licensed Practical Nurse (LPN) 12 Hour Shifts limited positions ...,"Apr 30, 2025Â· Carroll County Workforce Development 224 North Center Street Westminster, Maryland 21157 Phone: 410.386.2820",carrollworks.com,5
